<application>
  <component name="ProjectManager">
    <defaultProject>
      <component name="ProjectViewState">
        <option name="hideEmptyMiddlePackages" value="true" />
        <option name="showLibraryContents" value="true" />
        <option name="showMembers" value="true" />
      </component>
      <component name="PropertiesComponent">{}</component>
      <component name="WindowStateProjectService">
        <state x="470" y="169" key="FileChooserDialogImpl" timestamp="1751755335664">
          <screen x="0" y="0" width="1366" height="768" />
        </state>
        <state x="470" y="169" key="FileChooserDialogImpl/0.0.1366.768" timestamp="1751755335664" />
        <state x="282" y="61" width="800" height="675" key="new project wizard" timestamp="1751755387479">
          <screen x="0" y="0" width="1366" height="768" />
        </state>
        <state x="282" y="61" width="800" height="675" key="new project wizard/0.0.1366.768" timestamp="1751755387479" />
      </component>
    </defaultProject>
  </component>
</application>