<application>
  <component name="DimensionService">
    <location key="find.popup.0.0.1366.768" x="267" y="129" />
    <size key="find.popup.0.0.1366.768" width="829" height="508" />
    <size key="GridCell.Tab.0.left.0.0.1366.768" width="1344" height="203" />
    <size key="GridCell.Tab.0.center.0.0.1366.768" width="1344" height="203" />
    <size key="GridCell.Tab.0.right.0.0.1366.768" width="1344" height="203" />
    <size key="GridCell.Tab.0.bottom.0.0.1366.768" width="1344" height="203" />
    <size key="GridCell.Tab.1.left.0.0.1366.768" width="1344" height="203" />
    <size key="GridCell.Tab.1.center.0.0.1366.768" width="1344" height="203" />
    <size key="GridCell.Tab.1.right.0.0.1366.768" width="1344" height="203" />
    <size key="GridCell.Tab.1.bottom.0.0.1366.768" width="1344" height="203" />
  </component>
  <component name="WindowManager">
    <frame x="10" y="42" width="1344" height="714" />
  </component>
  <component name="WindowStateApplicationService">
    <state width="459" height="117" key="ShowUsagesActions.dimensionServiceKey" timestamp="1751766608737">
      <screen x="0" y="0" width="1366" height="768" />
    </state>
    <state width="459" height="117" key="ShowUsagesActions.dimensionServiceKey/0.0.1366.768" timestamp="1751766608737" />
  </component>
</application>