<application>
  <component name="DimensionService">
    <location key="find.popup.0.0.1366.768" x="284" y="-1" />
    <size key="find.popup.0.0.1366.768" width="796" height="768" />
  </component>
  <component name="WindowManager">
    <frame x="10" y="42" width="1344" height="714" />
  </component>
  <component name="WindowStateApplicationService">
    <state width="459" height="117" key="ShowUsagesActions.dimensionServiceKey" timestamp="1751766608737">
      <screen x="0" y="0" width="1366" height="768" />
    </state>
    <state width="459" height="117" key="ShowUsagesActions.dimensionServiceKey/0.0.1366.768" timestamp="1751766608737" />
  </component>
</application>