<keymap version="1" name="Visual Studio copia" parent="Visual Studio">
  <action id="ExpandRecursively">
    <keyboard-shortcut first-keystroke="ctrl m" second-keystroke="e" />
    <keyboard-shortcut first-keystroke="ctrl m" second-keystroke="ctrl e" />
    <keyboard-shortcut first-keystroke="ctrl plus" />
  </action>
  <action id="FocusEditor">
    <keyboard-shortcut first-keystroke="escape" />
    <keyboard-shortcut first-keystroke="ctrl alt comma" />
  </action>
  <action id="HideActiveWindow">
    <keyboard-shortcut first-keystroke="shift escape" />
    <keyboard-shortcut first-keystroke="ctrl q" />
  </action>
  <action id="TogglePresentationMode">
    <keyboard-shortcut first-keystroke="ctrl alt plus" />
  </action>
</keymap>